IDI_baseline,time_baseline,IDI_tool,time_tool
0.413,121.65581619999999,0.622,7.013362100000009
0.432,130.74909950000003,0.53,9.408435999999995
